{"cameraMode":{"drawMode":0,"name":"Shaded","section":"Shading Mode"},"sceneLighting":false,"audioPlay":false,"sceneViewState":{"showFog":true,"showMaterialUpdate":false,"showSkybox":false,"showFlares":true,"showImageEffects":true,"showParticleSystems":true,"showVisualEffectGraphs":true,"m_FxEnabled":true},"in2DMode":false,"pivot":{"x":-0.9771578907966614,"y":1.3659801483154297,"z":0.404396116733551},"rotation":{"x":0.6838344931602478,"y":-0.0000015991510053936509,"z":-0.0000026198438263236314,"w":0.7296454906463623},"size":0.2163810431957245,"orthographic":true}