{"cameraMode":{"drawMode":0,"name":"Shaded","section":"Shading Mode"},"sceneLighting":false,"audioPlay":false,"sceneViewState":{"showFog":true,"showMaterialUpdate":false,"showSkybox":false,"showFlares":true,"showImageEffects":true,"showParticleSystems":true,"showVisualEffectGraphs":true,"m_FxEnabled":true},"in2DMode":false,"pivot":{"x":0.3006691634654999,"y":1.6324723958969117,"z":-0.9099900722503662},"rotation":{"x":0.001491707400418818,"y":-0.10987981408834458,"z":0.00015598359459545463,"w":0.9939485192298889},"size":0.06576637178659439,"orthographic":true}