{"cameraMode":{"drawMode":0,"name":"Shaded","section":"Shading Mode"},"sceneLighting":false,"audioPlay":false,"sceneViewState":{"showFog":true,"showMaterialUpdate":false,"showSkybox":false,"showFlares":true,"showImageEffects":true,"showParticleSystems":true,"showVisualEffectGraphs":true,"m_FxEnabled":true},"in2DMode":false,"pivot":{"x":0.057000041007995608,"y":1.954336166381836,"z":0.8029999732971191},"rotation":{"x":0.09869535267353058,"y":-0.05370764434337616,"z":0.005335899069905281,"w":0.9936792850494385},"size":0.6363961696624756,"orthographic":true}