{"cameraMode":{"drawMode":0,"name":"Shaded","section":"Shading Mode"},"sceneLighting":false,"audioPlay":false,"sceneViewState":{"m_AlwaysRefresh":false,"showFog":true,"showSkybox":false,"showFlares":true,"showImageEffects":true,"showParticleSystems":true,"showVisualEffectGraphs":true,"m_FxEnabled":true},"in2DMode":false,"pivot":{"x":1.162928581237793,"y":1.6299999952316285,"z":0.43711358308792117},"rotation":{"x":0.6925454139709473,"y":-0.0000012048883490933804,"z":-0.000002189534143326455,"w":0.7213917374610901},"size":0.3889677822589874,"orthographic":true}